<?xml version="1.0" encoding="UTF-8"?><rss version="2.0"
	xmlns:content="http://purl.org/rss/1.0/modules/content/"
	xmlns:wfw="http://wellformedweb.org/CommentAPI/"
	xmlns:dc="http://purl.org/dc/elements/1.1/"
	xmlns:atom="http://www.w3.org/2005/Atom"
	xmlns:sy="http://purl.org/rss/1.0/modules/syndication/"
	xmlns:slash="http://purl.org/rss/1.0/modules/slash/"
	>

<channel>
	<title>admin &#8211; VetConnect</title>
	<atom:link href="./index.html" rel="self" type="application/rss+xml" />
	<link>./../../../index.html</link>
	<description>SENG 401</description>
	<lastBuildDate>Fri, 18 Feb 2022 06:19:27 +0000</lastBuildDate>
	<language>en-US</language>
	<sy:updatePeriod>
	hourly	</sy:updatePeriod>
	<sy:updateFrequency>
	1	</sy:updateFrequency>
	<generator>https://wordpress.org/?v=5.9.2</generator>

<image>
	<url>./../../../wp-content/uploads/2022/02/cropped-university-of-calgary-e1472252367467-32x32.jpg</url>
	<title>admin &#8211; VetConnect</title>
	<link>./../../../index.html</link>
	<width>32</width>
	<height>32</height>
</image> 
	<item>
		<title>Blog Post Title</title>
		<link>./../../../blog-post-title/index.html</link>
					<comments>./../../../blog-post-title/index.html#respond</comments>
		
		<dc:creator><![CDATA[admin]]></dc:creator>
		<pubDate>Fri, 18 Feb 2022 06:19:27 +0000</pubDate>
				<guid isPermaLink="false">./../../../blog-post-title/index.html</guid>

					<description><![CDATA[What goes into a blog post? Helpful, industry-specific content that: 1) gives readers a useful takeaway, and 2) shows you’re an industry expert. Use your company’s blog posts to opine on current industry topics, humanize your company, and show how your products and services can help people.]]></description>
										<content:encoded><![CDATA[
<p>What goes into a blog post? Helpful, industry-specific content that: 1) gives readers a useful takeaway, and 2) shows you’re an industry expert.</p>



<p>Use your company’s blog posts to opine on current industry topics, humanize your company, and show how your products and services can help people.</p>
]]></content:encoded>
					
					<wfw:commentRss>./../../../blog-post-title/feed/index.html</wfw:commentRss>
			<slash:comments>0</slash:comments>
		
		
			</item>
	</channel>
</rss>
